Association Code,Street Number,Street Name,Unit Number,Lot Number,CINC HOID
AC,123,ArrowHead Court West,,1-A,
AC,123,ArrowHead Court East,,1-A,
AC,123,ArrowHead Court West,,2-B,
AC,123,ArrowHead Court East,,2-B,
AC,125,ArrowHead Court West,,1-A,
AC,125,ArrowHead Court East,,1-A,
AC,125,ArrowHead Court West,,2-B,
AC,125,ArrowHead Court East,,2-B,
AC,127,ArrowHead Court West,,1-A,
AC,127,ArrowHead Court East,,1-A,
AC,127,ArrowHead Court West,,2-B,
AC,127,ArrowHead Court East,,2-B,
AC,129,ArrowHead Court West,,1-A,
AC,129,ArrowHead Court East,,1-A,
AC,129,ArrowHead Court West,,2-B,
AC,129,ArrowHead Court East,,2-B,
AC,131,ArrowHead Court West,,1-A,
AC,131,ArrowHead Court East,,1-A,
AC,131,ArrowHead Court West,,2-B,
AC,131,ArrowHead Court East,,2-B,
AC,133,ArrowHead Court West,,1-A,
AC,133,ArrowHead Court East,,1-A,
AC,133,ArrowHead Court West,,2-B,
AC,133,ArrowHead Court East,,2-B,
AC,135,ArrowHead Court West,,1-A,
AC,135,ArrowHead Court East,,1-A,
AC,135,ArrowHead Court West,,2-B,
AC,135,ArrowHead Court East,,2-B,